{
  "project_info": {
    "project_number": "945825601599",
    "firebase_url": "https://integrated-recipe-app.firebaseio.com",
    "project_id": "integrated-recipe-app",
    "storage_bucket": "integrated-recipe-app.appspot.com"
  },
  "client": [
    {
      "client_info": {
        "mobilesdk_app_id": "1:945825601599:android:3e5213217abeda7e84c08a",
        "android_client_info": {
          "package_name": "com.example.flutter_app"
        }
      },
      "oauth_client": [
        {
          "client_id": "945825601599-c1fpep52g2njnvir80rhoifu1vnucm02.apps.googleusercontent.com",
          "client_type": 3
        }
      ],
      "api_key": [
        {
          "current_key": "AIzaSyBiHkZsto5zCpZhqV7sEcLj2s1C2krk0tM"
        }
      ],
      "services": {
        "appinvite_service": {
          "other_platform_oauth_client": [
            {
              "client_id": "945825601599-c1fpep52g2njnvir80rhoifu1vnucm02.apps.googleusercontent.com",
              "client_type": 3
            }
          ]
        }
      }
    }
  ],
  "configuration_version": "1"
}